{"heart_disease-0.7-res_ipw3":0.43008055509886894,"heart_disease-0.7-trial":0,"heart_disease-0.7-res_dm":0.5888727014111709,"heart_disease-0.7-res_dml2_sn":0.5888833697482252,"heart_disease-0.7-res_ipw3_sn":0.44193357353895235,"_timestamp":1.7343582060587163e+09,"_runtime":1935.839396553,"_step":7,"heart_disease-0.7-res_NLCB":0.47777777910232544,"_wandb":{"runtime":1935},"heart_disease-0.7-res_dml2":0.588881652292043,"heart_disease-0.7-tau":0.5787113086969454}