{"mammographic_mass-0.7-tau":0.7467250410317727,"mammographic_mass-0.7-res_ipw3_sn":0.7732980379411113,"_wandb":{"runtime":2514},"_step":7,"mammographic_mass-0.7-res_dm":0.7695511454910638,"_timestamp":1.7343593610496132e+09,"mammographic_mass-0.7-res_dml2":0.7816864173780976,"_runtime":2514.003913175,"mammographic_mass-0.7-res_NLCB":0.7020833492279053,"mammographic_mass-0.7-res_dml2_sn":0.7804718581626514,"mammographic_mass-0.7-trial":0,"mammographic_mass-0.7-res_ipw3":0.7456252084107824}