{"_wandb":{"runtime":42840},"breast_cancer-0.7_0.7_500-res_NLCB":0.9473684430122375,"breast_cancer-0.4_0.7_500-res_ipw3":0.9378711971618773,"breast_cancer-0.7_0.7_500-trial":9,"_step":239,"_runtime":42840.091664268,"breast_cancer-0.4_0.7_500-trial":9,"breast_cancer-0.0_0.7_500-res_NLCB":0.9671052694320679,"breast_cancer-0.0_0.7_500-res_dml2_sn":0.6368085691976689,"breast_cancer-0.0_0.7_500-res_dml2":0.964119578712704,"breast_cancer-0.7_0.7_500-res_ipw3":0.6453365276194571,"breast_cancer-0.7_0.7_500-res_dm":0.9280984476353072,"breast_cancer-0.0_0.7_500-res_ipw3_sn":0.6492475834063093,"breast_cancer-0.4_0.7_500-res_dm":0.9124751040563416,"breast_cancer-0.4_0.7_500-tau":0.9088321899171927,"breast_cancer-0.7_0.7_500-res_ipw3_sn":0.6449374224429899,"breast_cancer-0.4_0.7_500-res_ipw3_sn":0.9446114015842575,"breast_cancer-0.7_0.7_500-tau":0.906339883362221,"breast_cancer-0.0_0.7_500-res_dm":0.9580936872801858,"breast_cancer-0.4_0.7_500-res_dml2":0.9662096094974834,"breast_cancer-0.0_0.7_500-tau":0.9083260768128499,"_timestamp":1.7344106890399182e+09,"breast_cancer-0.0_0.7_500-res_ipw3":0.9380442153510945,"breast_cancer-0.7_0.7_500-res_dml2_sn":0.9366032722758088,"breast_cancer-0.4_0.7_500-res_NLCB":0.9605263471603394,"breast_cancer-0.4_0.7_500-res_dml2_sn":0.9337621166807963,"breast_cancer-0.0_0.7_500-trial":9,"breast_cancer-0.7_0.7_500-res_dml2":0.638042950832355}