{"breast_cancer-0.7_0.4_500-res_dml2_sn":0.950319453577412,"breast_cancer-0.0_0.4_500-res_dm":0.9622179562701623,"breast_cancer-0.7_0.4_500-res_dml2":0.9554853029430327,"breast_cancer-0.0_0.4_500-res_dml2":0.9547144197688298,"breast_cancer-0.7_0.4_500-tau":0.8830257583344427,"breast_cancer-0.0_0.4_500-res_ipw3":0.9340138888956453,"breast_cancer-0.4_0.4_500-res_dml2":0.9606171036545622,"breast_cancer-0.4_0.4_500-tau":0.8809455642470744,"_step":239,"breast_cancer-0.4_0.4_500-res_dm":0.9307575525613845,"breast_cancer-0.7_0.4_500-trial":9,"breast_cancer-0.0_0.4_500-res_dml2_sn":0.8084034247717032,"breast_cancer-0.4_0.4_500-res_dml2_sn":0.6327063829226277,"breast_cancer-0.0_0.4_500-res_ipw3_sn":0.835845715212502,"breast_cancer-0.7_0.4_500-res_ipw3_sn":0.6372472590075637,"_wandb":{"runtime":43678},"breast_cancer-0.4_0.4_500-res_ipw3_sn":0.6446533886430578,"breast_cancer-0.7_0.4_500-res_dm":0.9403424781016044,"breast_cancer-0.0_0.4_500-tau":0.8836650827622456,"_runtime":43677.710555897,"breast_cancer-0.7_0.4_500-res_NLCB":0.9466665983200073,"breast_cancer-0.0_0.4_500-res_NLCB":0.9333332777023315,"breast_cancer-0.7_0.4_500-res_ipw3":0.9184798094920346,"breast_cancer-0.4_0.4_500-trial":9,"breast_cancer-0.4_0.4_500-res_ipw3":0.6347977160794229,"breast_cancer-0.4_0.4_500-res_NLCB":0.9333332777023315,"_timestamp":1.7344115224925392e+09,"breast_cancer-0.0_0.4_500-trial":9}