{"_wandb":{"runtime":885},"_step":0,"heart_disease-0.7_0.4_300-res_NLCB":0.38333335518836975,"_timestamp":1.7343947469871309e+09,"_runtime":61.789514945}