{"breast_cancer-0.7-res_dm":0.9300378318368562,"_wandb":{"runtime":1497},"breast_cancer-0.7-trial":0,"breast_cancer-0.7-res_ipw3":0.4994420600765402,"_timestamp":1.7343580217688253e+09,"_runtime":1497.634506114,"breast_cancer-0.7-res_dml2_sn":0.8923609714166961,"_step":7,"breast_cancer-0.7-res_NLCB":0.9473684430122375,"breast_cancer-0.7-res_dml2":0.893412668695413,"breast_cancer-0.7-tau":0.8669577493795971,"breast_cancer-0.7-res_ipw3_sn":0.641154100722007}