{"_step":0,"_wandb":{"runtime":809},"heart_disease-0.7_0.4_300-res_NLCB":0.43888890743255615,"_timestamp":1.734388339724165e+09,"_runtime":60.502331113}