{"_timestamp":1.7343661358291953e+09,"vehicle.scale-0.7_0.4_800-tau":0.5103720039838983,"vehicle.scale-0.7_0.4_800-res_ipw3_sn":0.24997241515279484,"vehicle.scale-0.7_0.4_800-trial":0,"vehicle.scale-0.7_0.4_800-res_dm":0.43989322885240606,"vehicle.scale-0.7_0.4_800-res_NLCB":0.5270833373069763,"vehicle.scale-0.7_0.4_800-res_ipw3":0.1984169907477553,"_wandb":{"runtime":3980},"_runtime":3979.771420174,"_step":7,"vehicle.scale-0.7_0.4_800-res_dml2":0.5651112960482545,"vehicle.scale-0.7_0.4_800-res_dml2_sn":0.5682348435344754}