{"_timestamp":1.7343860304103086e+09,"_wandb":{"runtime":1079},"_runtime":64.785453516,"_step":0,"heart_disease-0.7_0.4_300-res_NLCB":0.5082873106002808}