{"vehicle.scale-0.7-tau":0.5287785363657358,"vehicle.scale-0.7-res_dml2_sn":0.5246644046087897,"vehicle.scale-0.7-trial":0,"_runtime":4099.286315582,"_step":7,"vehicle.scale-0.7-res_ipw3_sn":0.3128424212905258,"vehicle.scale-0.7-res_dml2":0.4367234137007754,"_wandb":{"runtime":4099},"_timestamp":1.7343492801259234e+09,"vehicle.scale-0.7-res_ipw3":0.31458333270104794,"vehicle.scale-0.7-res_dm":0.4846099852483038,"vehicle.scale-0.7-res_NLCB":0.5625}