{"_step":7,"vehicle.scale-0.7_0.4_800-trial":0,"vehicle.scale-0.7_0.4_800-res_ipw3_sn":0.28998396116340214,"_runtime":4630.750691808,"vehicle.scale-0.7_0.4_800-res_ipw3":0.3477681111983117,"_timestamp":1.734366308178424e+09,"_wandb":{"runtime":4630},"vehicle.scale-0.7_0.4_800-tau":0.44590306182218437,"vehicle.scale-0.7_0.4_800-res_dml2_sn":0.4343893105035884,"vehicle.scale-0.7_0.4_800-res_dm":0.43672259552056325,"vehicle.scale-0.7_0.4_800-res_dml2":0.35451506860752363,"vehicle.scale-0.7_0.4_800-res_NLCB":0.5458333492279053}