{"vehicle.scale-0.7-res_NLCB":0.6166666746139526,"_timestamp":1.734354921290395e+09,"_step":7,"vehicle.scale-0.7-tau":0.5507040557042802,"vehicle.scale-0.7-res_dml2":0.5559815405897157,"vehicle.scale-0.7-res_ipw3_sn":0.32887308022325584,"_runtime":9740.476539389,"vehicle.scale-0.7-trial":0,"vehicle.scale-0.7-res_ipw3":0.3385361800461799,"vehicle.scale-0.7-res_dm":0.4359371913468442,"vehicle.scale-0.7-res_dml2_sn":0.568762248634002,"_wandb":{"runtime":9740}}