{"heart_disease-0.7_0.4_300-res_ipw3":0.5508398181046636,"_runtime":6109.019158669,"heart_disease-0.0_0.4_300-res_dml2_sn":0.5554294253865535,"heart_disease-0.7_0.4_300-res_ipw3_sn":0.5331752245804591,"heart_disease-0.7_0.4_300-res_NLCB":0.3444444537162781,"heart_disease-0.4_0.4_300-trial":1,"heart_disease-0.0_0.4_300-tau":0.5288869690648477,"heart_disease-0.0_0.4_300-res_ipw3":0.46290186445452475,"_timestamp":1.7343739753454866e+09,"heart_disease-0.4_0.4_300-res_dm":0.5555292785041931,"heart_disease-0.0_0.4_300-res_NLCB":0.2888889014720917,"_step":48,"heart_disease-0.4_0.4_300-tau":0.5290577979092295,"heart_disease-0.7_0.4_300-res_dml2":0.5555466780805478,"heart_disease-0.4_0.4_300-res_NLCB":0.4888888895511627,"heart_disease-0.7_0.4_300-res_dml2_sn":0.5555458202193575,"heart_disease-0.7_0.4_300-trial":1,"heart_disease-0.4_0.4_300-res_dml2":0.5555339290139117,"heart_disease-0.4_0.4_300-res_ipw3_sn":0.4898121195176469,"heart_disease-0.4_0.4_300-res_dml2_sn":0.5550285282529425,"heart_disease-0.4_0.4_300-res_ipw3":0.5532427256328675,"heart_disease-0.7_0.4_300-res_dm":0.5555313907456995,"heart_disease-0.0_0.4_300-res_dm":0.3968304817286949,"_wandb":{"runtime":7156},"heart_disease-0.0_0.4_300-res_ipw3_sn":0.20014899063026084,"heart_disease-0.0_0.4_300-res_dml2":0.5081508061551848,"heart_disease-0.7_0.4_300-tau":0.5299268710341093,"heart_disease-0.0_0.4_300-trial":1}