{"heart_disease-0.7-res_dml2":0.527770226123464,"heart_disease-0.7-res_ipw3_sn":0.5147236253642057,"_wandb":{"runtime":917},"heart_disease-0.7-res_NLCB":0.47777777910232544,"_timestamp":1.7343571882856576e+09,"heart_disease-0.7-tau":0.5040577021531318,"heart_disease-0.7-res_dml2_sn":0.5277711184062254,"_runtime":917.964063049,"heart_disease-0.7-trial":0,"heart_disease-0.7-res_ipw3":0.4840700948053072,"_step":7,"heart_disease-0.7-res_dm":0.5277635566403263}