{"breast_cancer-0.7-res_dml2":0.9405309826921157,"breast_cancer-0.7-res_ipw3_sn":0.6466550471820613,"breast_cancer-0.7-trial":0,"breast_cancer-0.7-res_dml2_sn":0.9393440236952241,"_wandb":{"runtime":1148},"breast_cancer-0.7-res_dm":0.942766690021213,"breast_cancer-0.7-tau":0.8887938175526456,"breast_cancer-0.7-res_ipw3":0.6439618746348729,"_runtime":1148.087124943,"_timestamp":1.7343576748532543e+09,"breast_cancer-0.7-res_NLCB":0.9333332777023315,"_step":7}